Student Name,image of student,email_id
Mark,mark.png,mark@gmail.com
Antonio,antonio.png,antonio@gmail.com
Noah,noah.png,noah@gmail.com
Artio,artio.png,artio@gmail.com
Harry,harry.png,harry@gmail.com
